Date,tpt,cage,treatment,haplotype_class,frequency
2021-07-13,1,E1,E,IGFG,0.6437243330499998
2021-07-13,1,E1,E,VGFG,0.0455516256
2021-07-13,1,E1,E,VGFA,0.1270654837
2021-07-13,1,E1,E,VAYG,0.18247815505
2021-07-13,1,E10,E,IGFG,0.62065203635
2021-07-13,1,E10,E,VGFG,0.07132218307499999
2021-07-13,1,E10,E,VGFA,0.066878556775
2021-07-13,1,E10,E,VAYG,0.23995249767500001
2021-07-13,1,E2,E,IGFG,0.70507353775
2021-07-13,1,E2,E,VGFG,0.053578141775000004
2021-07-13,1,E2,E,VGFA,0.09007879925000001
2021-07-13,1,E2,E,VAYG,0.14995421302499998
2021-07-13,1,E4,E,IGFG,0.5637114678
2021-07-13,1,E4,E,VGFG,0.06777779
2021-07-13,1,E4,E,VGFA,0.13980933294999998
2021-07-13,1,E4,E,VAYG,0.2268159905
2021-07-13,1,E5,E,IGFG,0.71821055635
2021-07-13,1,E5,E,VGFG,0.04888531835
2021-07-13,1,E5,E,VGFA,0.10015558025
2021-07-13,1,E5,E,VAYG,0.1317432273
2021-07-13,1,E6,E,IGFG,0.5968070108499999
2021-07-13,1,E6,E,VGFG,0.07821452815000002
2021-07-13,1,E6,E,VGFA,0.13224904530000003
2021-07-13,1,E6,E,VAYG,0.19121478985
2021-07-13,1,E8,E,IGFG,0.6096422195999999
2021-07-13,1,E8,E,VGFG,0.0564892183
2021-07-13,1,E8,E,VGFA,0.08822349985
2021-07-13,1,E8,E,VAYG,0.24460391454999994
2021-07-13,1,E9,E,IGFG,0.6041939030500001
2021-07-13,1,E9,E,VGFG,0.0821783314
2021-07-13,1,E9,E,VGFA,0.0731018741
2021-07-13,1,E9,E,VAYG,0.23926781255
2021-07-13,1,P1,P,IGFG,0.51621971325
2021-07-13,1,P1,P,VGFG,0.07819757735
2021-07-13,1,P1,P,VGFA,0.10603118605
2021-07-13,1,P1,P,VAYG,0.29802331825
2021-07-13,1,P10,P,IGFG,0.6761627708249998
2021-07-13,1,P10,P,VGFG,0.05677608275
2021-07-13,1,P10,P,VGFA,0.085929914225
2021-07-13,1,P10,P,VAYG,0.17993497125000002
2021-07-13,1,P2,P,IGFG,0.6106212571999999
2021-07-13,1,P2,P,VGFG,0.09309637237499999
2021-07-13,1,P2,P,VGFA,0.11972526152500002
2021-07-13,1,P2,P,VAYG,0.17484267477499998
2021-07-13,1,P3,P,IGFG,0.639090398075
2021-07-13,1,P3,P,VGFG,0.04856779655
2021-07-13,1,P3,P,VGFA,0.1199491988
2021-07-13,1,P3,P,VAYG,0.19098510945
2021-07-13,1,P4,P,IGFG,0.6991027481750002
2021-07-13,1,P4,P,VGFG,0.03204982145
2021-07-13,1,P4,P,VGFA,0.066168780625
2021-07-13,1,P4,P,VAYG,0.20175557184999998
2021-07-13,1,P5,P,IGFG,0.6473948479500002
2021-07-13,1,P5,P,VGFG,0.06339923585
2021-07-13,1,P5,P,VGFA,0.092814204
2021-07-13,1,P5,P,VAYG,0.19492455784999999
2021-07-13,1,P6,P,IGFG,0.6921949239999998
2021-07-13,1,P6,P,VGFG,0.05127568960000001
2021-07-13,1,P6,P,VGFA,0.0675489777
2021-07-13,1,P6,P,VAYG,0.18760246435000003
2021-07-13,1,P7,P,IGFG,0.6158764795999997
2021-07-13,1,P7,P,VGFG,0.08551096835000001
2021-07-13,1,P7,P,VGFA,0.0457717979
2021-07-13,1,P7,P,VAYG,0.25117318405
2021-07-13,1,P8,P,IGFG,0.6065550015999998
2021-07-13,1,P8,P,VGFG,0.0643361364
2021-07-13,1,P8,P,VGFA,0.09170256500000001
2021-07-13,1,P8,P,VAYG,0.23532878075000002
2021-07-13,1,P9,P,IGFG,0.6236502132000001
2021-07-13,1,P9,P,VGFG,0.05361893894999999
2021-07-13,1,P9,P,VGFA,0.11689095534999999
2021-07-13,1,P9,P,VAYG,0.20464799349999999
2021-09-21,10,E1,E,IGFG,0.616617183263158
2021-09-21,10,E1,E,VGFG,0.06213198473684211
2021-09-21,10,E1,E,VGFA,0.10865244663157896
2021-09-21,10,E1,E,VAYG,0.21238239355263158
2021-09-21,10,E10,E,IGFG,0.6517842385
2021-09-21,10,E10,E,VGFG,0.06201180002631578
2021-09-21,10,E10,E,VGFA,0.05377805997368421
2021-09-21,10,E10,E,VAYG,0.2319238712631579
2021-09-21,10,E2,E,IGFG,0.6711037331578948
2021-09-21,10,E2,E,VGFG,0.06561936047368422
2021-09-21,10,E2,E,VGFA,0.05845822618421053
2021-09-21,10,E2,E,VAYG,0.20435358410526314
2021-09-21,10,E3,E,IGFG,0.6416981626578947
2021-09-21,10,E3,E,VGFG,0.08257723847368421
2021-09-21,10,E3,E,VGFA,0.03552952178947368
2021-09-21,10,E3,E,VAYG,0.23972839415789474
2021-09-21,10,E4,E,IGFG,0.7060039633947368
2021-09-21,10,E4,E,VGFG,0.06269863818421052
2021-09-21,10,E4,E,VGFA,0.06029975039473685
2021-09-21,10,E4,E,VAYG,0.17045013515789473
2021-09-21,10,E5,E,IGFG,0.6113742261842106
2021-09-21,10,E5,E,VGFG,0.09152199184210527
2021-09-21,10,E5,E,VGFA,0.10670773357894736
2021-09-21,10,E5,E,VAYG,0.1893513989473684
2021-09-21,10,E6,E,IGFG,0.6156920033421052
2021-09-21,10,E6,E,VGFG,0.10590941715789474
2021-09-21,10,E6,E,VGFA,0.042061074605263156
2021-09-21,10,E6,E,VAYG,0.23570298339473683
2021-09-21,10,E7,E,IGFG,0.6985906520263158
2021-09-21,10,E7,E,VGFG,0.07248997110526316
2021-09-21,10,E7,E,VGFA,0.05608827452631579
2021-09-21,10,E7,E,VAYG,0.17209138123684212
2021-09-21,10,E8,E,IGFG,0.5951830058157893
2021-09-21,10,E8,E,VGFG,0.08806286639473684
2021-09-21,10,E8,E,VGFA,0.10253224207894737
2021-09-21,10,E8,E,VAYG,0.21384040160526316
2021-09-21,10,E9,E,IGFG,0.6630306263157896
2021-09-21,10,E9,E,VGFG,0.0891834962631579
2021-09-21,10,E9,E,VGFA,0.04574804228947368
2021-09-21,10,E9,E,VAYG,0.20143097018421052
2021-09-21,10,P1,P,IGFG,0.196098198631579
2021-09-21,10,P1,P,VGFG,0.03915437410526316
2021-09-21,10,P1,P,VGFA,0.2092868799736842
2021-09-21,10,P1,P,VAYG,0.5553352522631578
2021-09-21,10,P10,P,IGFG,0.13914335176315787
2021-09-21,10,P10,P,VGFG,0.0625243052631579
2021-09-21,10,P10,P,VGFA,0.20885778326315788
2021-09-21,10,P10,P,VAYG,0.5892992600263157
2021-09-21,10,P2,P,IGFG,0.17268717831578945
2021-09-21,10,P2,P,VGFG,0.05351942368421053
2021-09-21,10,P2,P,VGFA,0.23977860844736845
2021-09-21,10,P2,P,VAYG,0.5338708949210526
2021-09-21,10,P3,P,IGFG,0.14896819926315788
2021-09-21,10,P3,P,VGFG,0.05211707863157894
2021-09-21,10,P3,P,VGFA,0.27337635273684213
2021-09-21,10,P3,P,VAYG,0.525305932763158
2021-09-21,10,P4,P,IGFG,0.14427846213157894
2021-09-21,10,P4,P,VGFG,0.05631053842105263
2021-09-21,10,P4,P,VGFA,0.2472613153157895
2021-09-21,10,P4,P,VAYG,0.5518537532631579
2021-09-21,10,P5,P,IGFG,0.09797121044736842
2021-09-21,10,P5,P,VGFG,0.04634241052631578
2021-09-21,10,P5,P,VGFA,0.28515961963157893
2021-09-21,10,P5,P,VAYG,0.5702236835526315
2021-09-21,10,P6,P,IGFG,0.13225235813157893
2021-09-21,10,P6,P,VGFG,0.036451214736842104
2021-09-21,10,P6,P,VGFA,0.2829020950263158
2021-09-21,10,P6,P,VAYG,0.5482725082105263
2021-09-21,10,P7,P,IGFG,0.11576075044736846
2021-09-21,10,P7,P,VGFG,0.04310992292105263
2021-09-21,10,P7,P,VGFA,0.2667359796052632
2021-09-21,10,P7,P,VAYG,0.5742659829210527
2021-09-21,10,P8,P,IGFG,0.14447625055263155
2021-09-21,10,P8,P,VGFG,0.028471481
2021-09-21,10,P8,P,VGFA,0.28173970815789473
2021-09-21,10,P8,P,VAYG,0.5452165503684211
2021-09-21,10,P9,P,IGFG,0.12565576984210527
2021-09-21,10,P9,P,VGFG,0.06442619526315789
2021-09-21,10,P9,P,VGFA,0.2511749878421053
2021-09-21,10,P9,P,VAYG,0.5585597579210526
2021-10-20,11,E1,E,IGFG,0.5990511806999999
2021-10-20,11,E1,E,VGFG,0.066794661
2021-10-20,11,E1,E,VGFA,0.05289189275
2021-10-20,11,E1,E,VAYG,0.2808146998
2021-10-20,11,E10,E,IGFG,0.6964365935499999
2021-10-20,11,E10,E,VGFG,0.07692565509999999
2021-10-20,11,E10,E,VGFA,0.0416666072
2021-10-20,11,E10,E,VAYG,0.18463354129999998
2021-10-20,11,E2,E,IGFG,0.69481393935
2021-10-20,11,E2,E,VGFG,0.09013900505
2021-10-20,11,E2,E,VGFA,0.05435132105
2021-10-20,11,E2,E,VAYG,0.16032452279999998
2021-10-20,11,E3,E,IGFG,0.62006062
2021-10-20,11,E3,E,VGFG,0.0626083035
2021-10-20,11,E3,E,VGFA,0.07550899525
2021-10-20,11,E3,E,VAYG,0.24119470580000002
2021-10-20,11,E4,E,IGFG,0.6457377866999999
2021-10-20,11,E4,E,VGFG,0.0720193953
2021-10-20,11,E4,E,VGFA,0.08381659990000001
2021-10-20,11,E4,E,VAYG,0.19784957065000003
2021-10-20,11,E5,E,IGFG,0.59361927425
2021-10-20,11,E5,E,VGFG,0.06569322925
2021-10-20,11,E5,E,VGFA,0.10699640205
2021-10-20,11,E5,E,VAYG,0.23327630274999997
2021-10-20,11,E6,E,IGFG,0.6696188033499999
2021-10-20,11,E6,E,VGFG,0.0927175062
2021-10-20,11,E6,E,VGFA,0.0534871393
2021-10-20,11,E6,E,VAYG,0.1835993935
2021-10-20,11,E7,E,IGFG,0.6679111285999999
2021-10-20,11,E7,E,VGFG,0.0592795848
2021-10-20,11,E7,E,VGFA,0.10306776605000001
2021-10-20,11,E7,E,VAYG,0.16898807270000005
2021-10-20,11,E8,E,IGFG,0.5826691385999998
2021-10-20,11,E8,E,VGFG,0.06583662959999999
2021-10-20,11,E8,E,VGFA,0.0761394336
2021-10-20,11,E8,E,VAYG,0.2743424482
2021-10-20,11,E9,E,IGFG,0.6639184388000001
2021-10-20,11,E9,E,VGFG,0.0661545088
2021-10-20,11,E9,E,VGFA,0.0584636419
2021-10-20,11,E9,E,VAYG,0.21098662735
2021-10-20,11,P1,P,IGFG,0.1347879176
2021-10-20,11,P1,P,VGFG,0.057831314499999995
2021-10-20,11,P1,P,VGFA,0.25243680615
2021-10-20,11,P1,P,VAYG,0.5547042462
2021-10-20,11,P10,P,IGFG,0.17152783139999997
2021-10-20,11,P10,P,VGFG,0.07002818499999999
2021-10-20,11,P10,P,VGFA,0.2870793471
2021-10-20,11,P10,P,VAYG,0.4710801662
2021-10-20,11,P2,P,IGFG,0.209380080325
2021-10-20,11,P2,P,VGFG,0.04480316175
2021-10-20,11,P2,P,VGFA,0.23220399145000004
2021-10-20,11,P2,P,VAYG,0.513410793
2021-10-20,11,P3,P,IGFG,0.18104962414999995
2021-10-20,11,P3,P,VGFG,0.0512368811
2021-10-20,11,P3,P,VGFA,0.2409078454
2021-10-20,11,P3,P,VAYG,0.5266655907
2021-10-20,11,P4,P,IGFG,0.18257307364999997
2021-10-20,11,P4,P,VGFG,0.06730035000000001
2021-10-20,11,P4,P,VGFA,0.25720725515
2021-10-20,11,P4,P,VAYG,0.49273439100000005
2021-10-20,11,P5,P,IGFG,0.19426895854999993
2021-10-20,11,P5,P,VGFG,0.05011816050000001
2021-10-20,11,P5,P,VGFA,0.2719245113
2021-10-20,11,P5,P,VAYG,0.48338340970000004
2021-10-20,11,P6,P,IGFG,0.16646606999999997
2021-10-20,11,P6,P,VGFG,0.0400399055
2021-10-20,11,P6,P,VGFA,0.27931100664999997
2021-10-20,11,P6,P,VAYG,0.5139331424000001
2021-10-20,11,P7,P,IGFG,0.18499266955000002
2021-10-20,11,P7,P,VGFG,0.0412402026
2021-10-20,11,P7,P,VGFA,0.26815933270000003
2021-10-20,11,P7,P,VAYG,0.5053428805
2021-10-20,11,P8,P,IGFG,0.20235261835000004
2021-10-20,11,P8,P,VGFG,0.0471904265
2021-10-20,11,P8,P,VGFA,0.2334570404
2021-10-20,11,P8,P,VAYG,0.5166654422999999
2021-10-20,11,P9,P,IGFG,0.17744703060000003
2021-10-20,11,P9,P,VGFG,0.0449877792
2021-10-20,11,P9,P,VGFA,0.29760953515
2021-10-20,11,P9,P,VAYG,0.4796346650500001
2021-12-22,13,E1,E,IGFG,0.6876950864
2021-12-22,13,E1,E,VGFG,0.0619506715
2021-12-22,13,E1,E,VGFA,0.05433411205000001
2021-12-22,13,E1,E,VAYG,0.195634369325
2021-12-22,13,E10,E,IGFG,0.66544387635
2021-12-22,13,E10,E,VGFG,0.06975355105
2021-12-22,13,E10,E,VGFA,0.07850851685
2021-12-22,13,E10,E,VAYG,0.1860095589
2021-12-22,13,E2,E,IGFG,0.67455852625
2021-12-22,13,E2,E,VGFG,0.0717334084
2021-12-22,13,E2,E,VGFA,0.04773910915
2021-12-22,13,E2,E,VAYG,0.20449884425
2021-12-22,13,E3,E,IGFG,0.6678230375
2021-12-22,13,E3,E,VGFG,0.08204674615
2021-12-22,13,E3,E,VGFA,0.03104324655
2021-12-22,13,E3,E,VAYG,0.21834174409999996
2021-12-22,13,E4,E,IGFG,0.6137304251499999
2021-12-22,13,E4,E,VGFG,0.08556733025
2021-12-22,13,E4,E,VGFA,0.0950271104
2021-12-22,13,E4,E,VAYG,0.20484853835
2021-12-22,13,E5,E,IGFG,0.42990801115
2021-12-22,13,E5,E,VGFG,0.09783812885000001
2021-12-22,13,E5,E,VGFA,0.12368386079999999
2021-12-22,13,E5,E,VAYG,0.34786361909999997
2021-12-22,13,E6,E,IGFG,0.6021764948500001
2021-12-22,13,E6,E,VGFG,0.0631914573
2021-12-22,13,E6,E,VGFA,0.07714486215000001
2021-12-22,13,E6,E,VAYG,0.25692146525
2021-12-22,13,E7,E,IGFG,0.6082232155999999
2021-12-22,13,E7,E,VGFG,0.10692738955
2021-12-22,13,E7,E,VGFA,0.05500854655000001
2021-12-22,13,E7,E,VAYG,0.22921521234999997
2021-12-22,13,E8,E,IGFG,0.6293265814000001
2021-12-22,13,E8,E,VGFG,0.0613200059
2021-12-22,13,E8,E,VGFA,0.0497937237
2021-12-22,13,E8,E,VAYG,0.2588022332
2021-12-22,13,E9,E,IGFG,0.62431870685
2021-12-22,13,E9,E,VGFG,0.0608838936
2021-12-22,13,E9,E,VGFA,0.13161123984999998
2021-12-22,13,E9,E,VAYG,0.1825106307
2021-12-22,13,P1,P,IGFG,0.16618388185
2021-12-22,13,P1,P,VGFG,0.0504765247
2021-12-22,13,P1,P,VGFA,0.25883619055
2021-12-22,13,P1,P,VAYG,0.52427586905
2021-12-22,13,P10,P,IGFG,0.1105408948
2021-12-22,13,P10,P,VGFG,0.04807729875
2021-12-22,13,P10,P,VGFA,0.32644542739999993
2021-12-22,13,P10,P,VAYG,0.51477717135
2021-12-22,13,P2,P,IGFG,0.16552205279999996
2021-12-22,13,P2,P,VGFG,0.042219840550000005
2021-12-22,13,P2,P,VGFA,0.30729536994999995
2021-12-22,13,P2,P,VAYG,0.48473073329999994
2021-12-22,13,P3,P,IGFG,0.23300671844999998
2021-12-22,13,P3,P,VGFG,0.04414231405
2021-12-22,13,P3,P,VGFA,0.2645888958
2021-12-22,13,P3,P,VAYG,0.45819141785
2021-12-22,13,P4,P,IGFG,0.10689992005000003
2021-12-22,13,P4,P,VGFG,0.0548228822
2021-12-22,13,P4,P,VGFA,0.268544812
2021-12-22,13,P4,P,VAYG,0.5695892494
2021-12-22,13,P5,P,IGFG,0.20797848590000007
2021-12-22,13,P5,P,VGFG,0.04795458695
2021-12-22,13,P5,P,VGFA,0.32776249365
2021-12-22,13,P5,P,VAYG,0.4160696413
2021-12-22,13,P6,P,IGFG,0.18520356389999998
2021-12-22,13,P6,P,VGFG,0.062588142
2021-12-22,13,P6,P,VGFA,0.24664842595000003
2021-12-22,13,P6,P,VAYG,0.5053801830999999
2021-12-22,13,P7,P,IGFG,0.21276764965000006
2021-12-22,13,P7,P,VGFG,0.037165667099999994
2021-12-22,13,P7,P,VGFA,0.28205482514999997
2021-12-22,13,P7,P,VAYG,0.46792393395
2021-12-22,13,P8,P,IGFG,0.19125079129999997
2021-12-22,13,P8,P,VGFG,0.042711829
2021-12-22,13,P8,P,VGFA,0.32974827915
2021-12-22,13,P8,P,VAYG,0.43590808329999997
2021-12-22,13,P9,P,IGFG,0.21064689709999995
2021-12-22,13,P9,P,VGFG,0.07046414949999999
2021-12-22,13,P9,P,VGFA,0.29608753720000003
2021-12-22,13,P9,P,VAYG,0.42255343330000006
2021-07-26,3,E1,E,IGFG,0.6242417264166668
2021-07-26,3,E1,E,VGFG,0.05186276883333333
2021-07-26,3,E1,E,VGFA,0.058746658666666673
2021-07-26,3,E1,E,VAYG,0.2640850786111111
2021-07-26,3,E10,E,IGFG,0.6488904121388889
2021-07-26,3,E10,E,VGFG,0.07379305316666668
2021-07-26,3,E10,E,VGFA,0.05495526755555556
2021-07-26,3,E10,E,VAYG,0.2213283553333333
2021-07-26,3,E2,E,IGFG,0.7530569012777777
2021-07-26,3,E2,E,VGFG,0.05525347980555556
2021-07-26,3,E2,E,VGFA,0.05785664572222222
2021-07-26,3,E2,E,VAYG,0.13261778316666667
2021-07-26,3,E3,E,IGFG,0.6832396967500001
2021-07-26,3,E3,E,VGFG,0.03981953422222222
2021-07-26,3,E3,E,VGFA,0.06020561738888889
2021-07-26,3,E3,E,VAYG,0.21534668227777776
2021-07-26,3,E4,E,IGFG,0.5945300900277779
2021-07-26,3,E4,E,VGFG,0.050227550499999996
2021-07-26,3,E4,E,VGFA,0.08334073047222222
2021-07-26,3,E4,E,VAYG,0.2707509446666666
2021-07-26,3,E6,E,IGFG,0.6340082092777777
2021-07-26,3,E6,E,VGFG,0.06234764027777778
2021-07-26,3,E6,E,VGFA,0.09333722486111111
2021-07-26,3,E6,E,VAYG,0.20890143430555558
2021-07-26,3,E7,E,IGFG,0.5373384824722223
2021-07-26,3,E7,E,VGFG,0.08075498083333334
2021-07-26,3,E7,E,VGFA,0.050551078972222226
2021-07-26,3,E7,E,VAYG,0.33050212311111116
2021-07-26,3,E8,E,IGFG,0.6383670502222224
2021-07-26,3,E8,E,VGFG,0.08164509744444445
2021-07-26,3,E8,E,VGFA,0.044333821
2021-07-26,3,E8,E,VAYG,0.23453785958333329
2021-07-26,3,E9,E,IGFG,0.6339106081944444
2021-07-26,3,E9,E,VGFG,0.07998399077777778
2021-07-26,3,E9,E,VGFA,0.038177593333333336
2021-07-26,3,E9,E,VAYG,0.24701007416666668
2021-07-26,3,P1,P,IGFG,0.6335941106388889
2021-07-26,3,P1,P,VGFG,0.05621885216666666
2021-07-26,3,P1,P,VGFA,0.1182315181111111
2021-07-26,3,P1,P,VAYG,0.19091996580555554
2021-07-26,3,P10,P,IGFG,0.5393504223888889
2021-07-26,3,P10,P,VGFG,0.06826117861111111
2021-07-26,3,P10,P,VGFA,0.14628338752777775
2021-07-26,3,P10,P,VAYG,0.24497307138888885
2021-07-26,3,P2,P,IGFG,0.6323552790277777
2021-07-26,3,P2,P,VGFG,0.06713104022222222
2021-07-26,3,P2,P,VGFA,0.08520830394444444
2021-07-26,3,P2,P,VAYG,0.21394430483333338
2021-07-26,3,P3,P,IGFG,0.668087937361111
2021-07-26,3,P3,P,VGFG,0.06313252433333334
2021-07-26,3,P3,P,VGFA,0.0763925936388889
2021-07-26,3,P3,P,VAYG,0.19137594049999998
2021-07-26,3,P4,P,IGFG,0.685694408138889
2021-07-26,3,P4,P,VGFG,0.05584452372222223
2021-07-26,3,P4,P,VGFA,0.088022561
2021-07-26,3,P4,P,VAYG,0.1696003968888889
2021-07-26,3,P5,P,IGFG,0.6801516511388889
2021-07-26,3,P5,P,VGFG,0.05974566011111111
2021-07-26,3,P5,P,VGFA,0.05927772158333333
2021-07-26,3,P5,P,VAYG,0.19903909286111113
2021-07-26,3,P6,P,IGFG,0.6778322255277777
2021-07-26,3,P6,P,VGFG,0.059979289444444445
2021-07-26,3,P6,P,VGFA,0.07086925494444445
2021-07-26,3,P6,P,VAYG,0.19014178366666665
2021-07-26,3,P7,P,IGFG,0.6168858550833333
2021-07-26,3,P7,P,VGFG,0.06263676969444446
2021-07-26,3,P7,P,VGFA,0.07869601899999999
2021-07-26,3,P7,P,VAYG,0.2406595063888889
2021-07-26,3,P8,P,IGFG,0.6460139931388889
2021-07-26,3,P8,P,VGFG,0.0651988405
2021-07-26,3,P8,P,VGFA,0.1298289760277778
2021-07-26,3,P8,P,VAYG,0.15786378677777776
2021-07-26,3,P9,P,IGFG,0.6733565887500002
2021-07-26,3,P9,P,VGFG,0.052315363833333337
2021-07-26,3,P9,P,VGFA,0.1276574878888889
2021-07-26,3,P9,P,VAYG,0.14512733188888888
2021-08-10,5,E1,E,IGFG,0.6070515306785714
2021-08-10,5,E1,E,VGFG,0.08104770821428572
2021-08-10,5,E1,E,VGFA,0.11374409735714286
2021-08-10,5,E1,E,VAYG,0.19742957332142858
2021-08-10,5,E10,E,IGFG,0.6257688951785715
2021-08-10,5,E10,E,VGFG,0.088654611
2021-08-10,5,E10,E,VGFA,0.058927447714285715
2021-08-10,5,E10,E,VAYG,0.2258459060357143
2021-08-10,5,E2,E,IGFG,0.5988175290357143
2021-08-10,5,E2,E,VGFG,0.06086857325
2021-08-10,5,E2,E,VGFA,0.10045866517857142
2021-08-10,5,E2,E,VAYG,0.2389280977857143
2021-08-10,5,E3,E,IGFG,0.5606339752500001
2021-08-10,5,E3,E,VGFG,0.06928292932142857
2021-08-10,5,E3,E,VGFA,0.10055449621428571
2021-08-10,5,E3,E,VAYG,0.2688435326428572
2021-08-10,5,E4,E,IGFG,0.6239678468571429
2021-08-10,5,E4,E,VGFG,0.06838398996428571
2021-08-10,5,E4,E,VGFA,0.08419040253571428
2021-08-10,5,E4,E,VAYG,0.22217828417857144
2021-08-10,5,E5,E,IGFG,0.6758800147857144
2021-08-10,5,E5,E,VGFG,0.06763716417857142
2021-08-10,5,E5,E,VGFA,0.06859434107142859
2021-08-10,5,E5,E,VAYG,0.18707928889285713
2021-08-10,5,E6,E,IGFG,0.6000050206785715
2021-08-10,5,E6,E,VGFG,0.06956060978571428
2021-08-10,5,E6,E,VGFA,0.09728137357142858
2021-08-10,5,E6,E,VAYG,0.23200539974999998
2021-08-10,5,E7,E,IGFG,0.7000959106071428
2021-08-10,5,E7,E,VGFG,0.06153244660714286
2021-08-10,5,E7,E,VGFA,0.07162614464285713
2021-08-10,5,E7,E,VAYG,0.16599529889285716
2021-08-10,5,E8,E,IGFG,0.5829691689642857
2021-08-10,5,E8,E,VGFG,0.09356896189285713
2021-08-10,5,E8,E,VGFA,0.08400686596428572
2021-08-10,5,E8,E,VAYG,0.2383916287857143
2021-08-10,5,E9,E,IGFG,0.6208083483571428
2021-08-10,5,E9,E,VGFG,0.06513729428571428
2021-08-10,5,E9,E,VGFA,0.06562530867857144
2021-08-10,5,E9,E,VAYG,0.24725681560714288
2021-08-10,5,P1,P,IGFG,0.48576244771428567
2021-08-10,5,P1,P,VGFG,0.1014870575
2021-08-10,5,P1,P,VGFA,0.12300645328571429
2021-08-10,5,P1,P,VAYG,0.2887259955714286
2021-08-10,5,P10,P,IGFG,0.4738191717142858
2021-08-10,5,P10,P,VGFG,0.07877407307142857
2021-08-10,5,P10,P,VGFA,0.12387729725
2021-08-10,5,P10,P,VAYG,0.32254459460714285
2021-08-10,5,P2,P,IGFG,0.49687225107142863
2021-08-10,5,P2,P,VGFG,0.06913401385714285
2021-08-10,5,P2,P,VGFA,0.13205307046428572
2021-08-10,5,P2,P,VAYG,0.3006548443214285
2021-08-10,5,P3,P,IGFG,0.4951304444642856
2021-08-10,5,P3,P,VGFG,0.05545342889285714
2021-08-10,5,P3,P,VGFA,0.12969142353571428
2021-08-10,5,P3,P,VAYG,0.31876051235714287
2021-08-10,5,P4,P,IGFG,0.5184230827857143
2021-08-10,5,P4,P,VGFG,0.0674331007857143
2021-08-10,5,P4,P,VGFA,0.1319851842142857
2021-08-10,5,P4,P,VAYG,0.28124844799999993
2021-08-10,5,P5,P,IGFG,0.46576550335714284
2021-08-10,5,P5,P,VGFG,0.081871705
2021-08-10,5,P5,P,VGFA,0.09851127460714287
2021-08-10,5,P5,P,VAYG,0.35287339235714293
2021-08-10,5,P6,P,IGFG,0.5030640922142857
2021-08-10,5,P6,P,VGFG,0.06570400514285715
2021-08-10,5,P6,P,VGFA,0.09583001103571429
2021-08-10,5,P6,P,VAYG,0.33456561399999996
2021-08-10,5,P7,P,IGFG,0.47786266478571443
2021-08-10,5,P7,P,VGFG,0.08599024175000002
2021-08-10,5,P7,P,VGFA,0.10608448142857141
2021-08-10,5,P7,P,VAYG,0.32927110928571424
2021-08-10,5,P8,P,IGFG,0.5057982853571428
2021-08-10,5,P8,P,VGFG,0.05064990410714286
2021-08-10,5,P8,P,VGFA,0.169295078
2021-08-10,5,P8,P,VAYG,0.2734251701428571
2021-08-10,5,P9,P,IGFG,0.48463053689285707
2021-08-10,5,P9,P,VGFG,0.07238460628571428
2021-08-10,5,P9,P,VGFA,0.15212266267857144
2021-08-10,5,P9,P,VAYG,0.28998700925000004
2021-08-24,7,E1,E,IGFG,0.6010130799000001
2021-08-24,7,E1,E,VGFG,0.06698770405000001
2021-08-24,7,E1,E,VGFA,0.08742590455
2021-08-24,7,E1,E,VAYG,0.24385648875000002
2021-08-24,7,E10,E,IGFG,0.6116562822
2021-08-24,7,E10,E,VGFG,0.0700351003
2021-08-24,7,E10,E,VGFA,0.06330314555000001
2021-08-24,7,E10,E,VAYG,0.25388238285000003
2021-08-24,7,E2,E,IGFG,0.6265006260999999
2021-08-24,7,E2,E,VGFG,0.0659461693
2021-08-24,7,E2,E,VGFA,0.0849462444
2021-08-24,7,E2,E,VAYG,0.2216171451
2021-08-24,7,E3,E,IGFG,0.6239648643000002
2021-08-24,7,E3,E,VGFG,0.0450678917
2021-08-24,7,E3,E,VGFA,0.08533110904999999
2021-08-24,7,E3,E,VAYG,0.24442715329999998
2021-08-24,7,E4,E,IGFG,0.6378813872
2021-08-24,7,E4,E,VGFG,0.0789679197
2021-08-24,7,E4,E,VGFA,0.055149814850000006
2021-08-24,7,E4,E,VAYG,0.227109289975
2021-08-24,7,E5,E,IGFG,0.6823000404500001
2021-08-24,7,E5,E,VGFG,0.06665911755000001
2021-08-24,7,E5,E,VGFA,0.08204619185
2021-08-24,7,E5,E,VAYG,0.1681621212
2021-08-24,7,E6,E,IGFG,0.6579636271499999
2021-08-24,7,E6,E,VGFG,0.07842127735000001
2021-08-24,7,E6,E,VGFA,0.054667381450000004
2021-08-24,7,E6,E,VAYG,0.20832945584999996
2021-08-24,7,E7,E,IGFG,0.63305983565
2021-08-24,7,E7,E,VGFG,0.0648132005
2021-08-24,7,E7,E,VGFA,0.10404385435000002
2021-08-24,7,E7,E,VAYG,0.19725562630000001
2021-08-24,7,E8,E,IGFG,0.6074257368999999
2021-08-24,7,E8,E,VGFG,0.0768828539
2021-08-24,7,E8,E,VGFA,0.07222330169999999
2021-08-24,7,E8,E,VAYG,0.24232899270000002
2021-08-24,7,E9,E,IGFG,0.600001
2021-08-24,7,E9,E,VGFG,0.08418974180000001
2021-08-24,7,E9,E,VGFA,0.0732573066
2021-08-24,7,E9,E,VAYG,0.2415926107
2021-08-24,7,P1,P,IGFG,0.3382525168
2021-08-24,7,P1,P,VGFG,0.0579861252
2021-08-24,7,P1,P,VGFA,0.2560944928
2021-08-24,7,P1,P,VAYG,0.3470707236
2021-08-24,7,P10,P,IGFG,0.27363052795
2021-08-24,7,P10,P,VGFG,0.06983998265
2021-08-24,7,P10,P,VGFA,0.24292681085
2021-08-24,7,P10,P,VAYG,0.41305821239999996
2021-08-24,7,P2,P,IGFG,0.34998586335000004
2021-08-24,7,P2,P,VGFG,0.057694398449999997
2021-08-24,7,P2,P,VGFA,0.21646692399999998
2021-08-24,7,P2,P,VAYG,0.3752807246
2021-08-24,7,P3,P,IGFG,0.3193482594000001
2021-08-24,7,P3,P,VGFG,0.08030014775
2021-08-24,7,P3,P,VGFA,0.19389472179999998
2021-08-24,7,P3,P,VAYG,0.40599325094999994
2021-08-24,7,P4,P,IGFG,0.35295267445
2021-08-24,7,P4,P,VGFG,0.05098846695
2021-08-24,7,P4,P,VGFA,0.20621398639999997
2021-08-24,7,P4,P,VAYG,0.38919598650000004
2021-08-24,7,P5,P,IGFG,0.31253426785000005
2021-08-24,7,P5,P,VGFG,0.05809354695
2021-08-24,7,P5,P,VGFA,0.15727164737499996
2021-08-24,7,P5,P,VAYG,0.47148186665
2021-08-24,7,P6,P,IGFG,0.3474999807
2021-08-24,7,P6,P,VGFG,0.049029601799999996
2021-08-24,7,P6,P,VGFA,0.152478168725
2021-08-24,7,P6,P,VAYG,0.4505161271
2021-08-24,7,P7,P,IGFG,0.28667493990000015
2021-08-24,7,P7,P,VGFG,0.0591725356
2021-08-24,7,P7,P,VGFA,0.21610636744999998
2021-08-24,7,P7,P,VAYG,0.43726691965000003
2021-08-24,7,P8,P,IGFG,0.40739877015
2021-08-24,7,P8,P,VGFG,0.060242302149999996
2021-08-24,7,P8,P,VGFA,0.1627890136
2021-08-24,7,P8,P,VAYG,0.3689144798999999
2021-08-24,7,P9,P,IGFG,0.34658589785000005
2021-08-24,7,P9,P,VGFG,0.0496191124
2021-08-24,7,P9,P,VGFA,0.2114544944
2021-08-24,7,P9,P,VAYG,0.39173564185000004
2021-09-07,9,E1,E,IGFG,0.5941007408076923
2021-09-07,9,E1,E,VGFG,0.06354401692307692
2021-09-07,9,E1,E,VGFA,0.0677741846153846
2021-09-07,9,E1,E,VAYG,0.2739730264615385
2021-09-07,9,E10,E,IGFG,0.6710549278076924
2021-09-07,9,E10,E,VGFG,0.045677932615384616
2021-09-07,9,E10,E,VGFA,0.07223224907692308
2021-09-07,9,E10,E,VAYG,0.2103664361153846
2021-09-07,9,E2,E,IGFG,0.6096201672307693
2021-09-07,9,E2,E,VGFG,0.07401142630769231
2021-09-07,9,E2,E,VGFA,0.13311984538461538
2021-09-07,9,E2,E,VAYG,0.18270313369230773
2021-09-07,9,E3,E,IGFG,0.5432398417692307
2021-09-07,9,E3,E,VGFG,0.07749255576923077
2021-09-07,9,E3,E,VGFA,0.05319477776923077
2021-09-07,9,E3,E,VAYG,0.32547891738461543
2021-09-07,9,E4,E,IGFG,0.6456279624615386
2021-09-07,9,E4,E,VGFG,0.07482131626923078
2021-09-07,9,E4,E,VGFA,0.04944944203846154
2021-09-07,9,E4,E,VAYG,0.22949489150000002
2021-09-07,9,E5,E,IGFG,0.585600516576923
2021-09-07,9,E5,E,VGFG,0.08454887088461538
2021-09-07,9,E5,E,VGFA,0.11708550757692308
2021-09-07,9,E5,E,VAYG,0.21209633415384613
2021-09-07,9,E6,E,IGFG,0.5487019990769231
2021-09-07,9,E6,E,VGFG,0.06903007584615385
2021-09-07,9,E6,E,VGFA,0.10389918073076923
2021-09-07,9,E6,E,VAYG,0.27759403607692307
2021-09-07,9,E7,E,IGFG,0.6325403170769229
2021-09-07,9,E7,E,VGFG,0.06849419219230769
2021-09-07,9,E7,E,VGFA,0.09922254069230768
2021-09-07,9,E7,E,VAYG,0.19896330423076924
2021-09-07,9,E8,E,IGFG,0.568697658846154
2021-09-07,9,E8,E,VGFG,0.06247370446153846
2021-09-07,9,E8,E,VGFA,0.07790266515384617
2021-09-07,9,E8,E,VAYG,0.2904168888846154
2021-09-07,9,E9,E,IGFG,0.6814956369230769
2021-09-07,9,E9,E,VGFG,0.050264828653846155
2021-09-07,9,E9,E,VGFA,0.033414198076923085
2021-09-07,9,E9,E,VAYG,0.23422763046153844
2021-09-07,9,P1,P,IGFG,0.20644481146153845
2021-09-07,9,P1,P,VGFG,0.055023772692307696
2021-09-07,9,P1,P,VGFA,0.23732648753846153
2021-09-07,9,P1,P,VAYG,0.5010156903076923
2021-09-07,9,P10,P,IGFG,0.21798607403846154
2021-09-07,9,P10,P,VGFG,0.05456478615384615
2021-09-07,9,P10,P,VGFA,0.2822712963846154
2021-09-07,9,P10,P,VAYG,0.4448709584615385
2021-09-07,9,P2,P,IGFG,0.21700205184615387
2021-09-07,9,P2,P,VGFG,0.057780039461538465
2021-09-07,9,P2,P,VGFA,0.2647569566153846
2021-09-07,9,P2,P,VAYG,0.46020946303846155
2021-09-07,9,P3,P,IGFG,0.16437091757692307
2021-09-07,9,P3,P,VGFG,0.06509918846153846
2021-09-07,9,P3,P,VGFA,0.24278726907692308
2021-09-07,9,P3,P,VAYG,0.5274440535384615
2021-09-07,9,P4,P,IGFG,0.18606289096153847
2021-09-07,9,P4,P,VGFG,0.05562488653846153
2021-09-07,9,P4,P,VGFA,0.22907429784615388
2021-09-07,9,P4,P,VAYG,0.5288940127692308
2021-09-07,9,P5,P,IGFG,0.16019290449999996
2021-09-07,9,P5,P,VGFG,0.04256776923076923
2021-09-07,9,P5,P,VGFA,0.2462009162692308
2021-09-07,9,P5,P,VAYG,0.5506485129230769
2021-09-07,9,P6,P,IGFG,0.1896755113846154
2021-09-07,9,P6,P,VGFG,0.047257973076923074
2021-09-07,9,P6,P,VGFA,0.28460958746153847
2021-09-07,9,P6,P,VAYG,0.4778298908076923
2021-09-07,9,P7,P,IGFG,0.22741707876923076
2021-09-07,9,P7,P,VGFG,0.03852528461538462
2021-09-07,9,P7,P,VGFA,0.2548801478846153
2021-09-07,9,P7,P,VAYG,0.4788009150384616
2021-09-07,9,P8,P,IGFG,0.20539024603846154
2021-09-07,9,P8,P,VGFG,0.04912530307692308
2021-09-07,9,P8,P,VGFA,0.20468066307692306
2021-09-07,9,P8,P,VAYG,0.540457132076923
2021-09-07,9,P9,P,IGFG,0.16033495269230771
2021-09-07,9,P9,P,VGFG,0.06162644615384616
2021-09-07,9,P9,P,VGFA,0.24087956684615386
2021-09-07,9,P9,P,VAYG,0.5369401137692307
